firstName,lastName,email,phone
John,Berg,john.berg0@example.com,67267050499
Sarah,Ramsey,sarah.ramsey1@example.com,53081661029
Michelle,Henry,michelle.henry2@example.com,68308797770
Michael,French,michael.french3@example.com,57366499438
Jason,Guzman,jason.guzman4@example.com,07883391186
Heather,Jackson,heather.jackson5@example.com,25690486573
Lisa,Ramos,lisa.ramos6@example.com,79086997588
Kelly,Acevedo,kelly.acevedo7@example.com,09631513720
Marissa,Watkins,marissa.watkins8@example.com,15412573366
Amanda,Carter,amanda.carter9@example.com,11895111927
Sandra,Lucero,sandra.lucero10@example.com,15033984311
Mary,Smith,mary.smith11@example.com,39503923918
Kevin,Allen,kevin.allen12@example.com,16990324762
Jessica,Preston,jessica.preston13@example.com,06463305097
Debra,Hughes,debra.hughes14@example.com,82943655107
Amanda,Frazier,amanda.frazier15@example.com,69482692133
Robert,Kelley,robert.kelley16@example.com,07994765877
Sarah,Jackson,sarah.jackson17@example.com,08491298580
Michael,Finley,michael.finley18@example.com,21386013713
Heather,Vazquez,heather.vazquez19@example.com,28895967349
Veronica,Ward,veronica.ward20@example.com,59734758123
Alfred,Ortiz,alfred.ortiz21@example.com,14153099301
Terry,Randall,terry.randall22@example.com,90857655940
Adam,Williams,adam.williams23@example.com,62448697411
Mary,Patrick,mary.patrick24@example.com,12692314653
Benjamin,Williams,benjamin.williams25@example.com,33585866704
Matthew,Anderson,matthew.anderson26@example.com,29375342198
Daniel,Green,daniel.green27@example.com,08952152834
Brian,Macdonald,brian.macdonald28@example.com,26794578652
Dan,Torres,dan.torres29@example.com,62773960405
Ashley,Ward,ashley.ward30@example.com,31807545839
Robert,Jenkins,robert.jenkins31@example.com,80809951583
Jerry,Washington,jerry.washington32@example.com,03195272997
Kelly,Thompson,kelly.thompson33@example.com,77230113214
David,Fields,david.fields34@example.com,07923287368
David,Madden,david.madden35@example.com,88633882025
Matthew,Kirby,matthew.kirby36@example.com,67527643170
Theresa,Cross,theresa.cross37@example.com,29048875081
Lynn,Long,lynn.long38@example.com,65056227500
Kim,Burch,kim.burch39@example.com,95649249415
Chris,Perkins,chris.perkins40@example.com,04626769835
Joseph,Boyd,joseph.boyd41@example.com,50471232349
Christian,Lee,christian.lee42@example.com,84774745234
Cody,White,cody.white43@example.com,95222525174
Derek,Mitchell,derek.mitchell44@example.com,39573337432
Laura,Lee,laura.lee45@example.com,47958674078
Katherine,Lopez,katherine.lopez46@example.com,27414728473
Tiffany,Hill,tiffany.hill47@example.com,64574142148
Cindy,Hall,cindy.hall48@example.com,71985849841
Samantha,Martinez,samantha.martinez49@example.com,61362174613
Mark,Rosales,mark.rosales50@example.com,13629228548
Brianna,Ramirez,brianna.ramirez51@example.com,06149522147
John,Salazar,john.salazar52@example.com,77683215386
Dylan,Hunt,dylan.hunt53@example.com,07561351766
Cynthia,Wolf,cynthia.wolf54@example.com,43105247952
Alex,Delgado,alex.delgado55@example.com,82266524588
Monique,Allen,monique.allen56@example.com,56465170238
Kevin,Richardson,kevin.richardson57@example.com,33070143521
Bradley,Reed,bradley.reed58@example.com,84392985694
Kendra,Lucero,kendra.lucero59@example.com,23459987345
John,Werner,john.werner60@example.com,54914084809
Kenneth,Bruce,kenneth.bruce61@example.com,82130689063
Derrick,Woodard,derrick.woodard62@example.com,63008301186
Justin,Coleman,justin.coleman63@example.com,90890613941
David,Simmons,david.simmons64@example.com,69136468559
Michael,Leon,michael.leon65@example.com,71929267715
Richard,Johnson,richard.johnson66@example.com,47239688380
Ronald,Roberson,ronald.roberson67@example.com,13186146205
Allison,Johnston,allison.johnston68@example.com,09517505806
Andrew,Benson,andrew.benson69@example.com,44027008696
Kyle,Cummings,kyle.cummings70@example.com,99225129351
Eric,Colon,eric.colon71@example.com,71422658421
James,Miller,james.miller72@example.com,19684617762
Joseph,Garrison,joseph.garrison73@example.com,06317566469
Leslie,Cooper,leslie.cooper74@example.com,47690021157
Nicholas,Kelly,nicholas.kelly75@example.com,57146079603
Paul,Barker,paul.barker76@example.com,40183491996
Kelsey,Palmer,kelsey.palmer77@example.com,47067516044
Suzanne,Ramirez,suzanne.ramirez78@example.com,18764302162
Chelsea,Patterson,chelsea.patterson79@example.com,85796236516
Debra,Todd,debra.todd80@example.com,32368732835
Michael,Chapman,michael.chapman81@example.com,79887100607
Sydney,Lucero,sydney.lucero82@example.com,63302244246
Robert,Thompson,robert.thompson83@example.com,49753557196
Ian,Dixon,ian.dixon84@example.com,12716211613
Ryan,Cannon,ryan.cannon85@example.com,45805937799
Richard,Flores,richard.flores86@example.com,77324710634
Elizabeth,Morris,elizabeth.morris87@example.com,02608538557
Eric,Day,eric.day88@example.com,15158950786
Benjamin,Sullivan,benjamin.sullivan89@example.com,80949330162
Andrew,Miller,andrew.miller90@example.com,99285111981
Erin,Rodriguez,erin.rodriguez91@example.com,46606639332
Leslie,Blake,leslie.blake92@example.com,55570498579
Vanessa,Chavez,vanessa.chavez93@example.com,56047168052
Angelica,Herrera,angelica.herrera94@example.com,80341354355
Bryan,Mendez,bryan.mendez95@example.com,17887103822
Julie,Rasmussen,julie.rasmussen96@example.com,19266703954
Sean,Moore,sean.moore97@example.com,09693730573
Craig,Green,craig.green98@example.com,06086611740
James,Castillo,james.castillo99@example.com,65069898538
Angela,Espinoza,angela.espinoza100@example.com,23367600194
Amanda,Harvey,amanda.harvey101@example.com,92030522481
Vickie,Myers,vickie.myers102@example.com,78218231450
Matthew,Davis,matthew.davis103@example.com,86459927666
Claudia,Miller,claudia.miller104@example.com,14362402345
Kevin,Mccarthy,kevin.mccarthy105@example.com,03188164021
Angela,Garrett,angela.garrett106@example.com,67002861332
Joseph,Rangel,joseph.rangel107@example.com,53529851648
Jeremy,Kaiser,jeremy.kaiser108@example.com,16997377731
James,Smith,james.smith109@example.com,91715839546
Jacob,Fleming,jacob.fleming110@example.com,95973870695
Jason,Williams,jason.williams111@example.com,62708940610
Sarah,Chapman,sarah.chapman112@example.com,70786163224
Kenneth,Hernandez,kenneth.hernandez113@example.com,06379881165
Christopher,Melton,christopher.melton114@example.com,96768927730
Ashley,Buchanan,ashley.buchanan115@example.com,85025723031
Christopher,Underwood,christopher.underwood116@example.com,71592377089
Laura,Quinn,laura.quinn117@example.com,07678317774
Michael,Williams,michael.williams118@example.com,02621369865
Matthew,Shepard,matthew.shepard119@example.com,84096385800
Pamela,Richards,pamela.richards120@example.com,91208549759
Gail,Beck,gail.beck121@example.com,29253643218
Toni,Moore,toni.moore122@example.com,70237631440
Evan,Blanchard,evan.blanchard123@example.com,79451101397
Tanya,Cole,tanya.cole124@example.com,25701717917
Brian,Miranda,brian.miranda125@example.com,53413796996
Jermaine,Burke,jermaine.burke126@example.com,47619719527
Carmen,Sparks,carmen.sparks127@example.com,40519476018
James,Waller,james.waller128@example.com,97492897865
Katherine,Cameron,katherine.cameron129@example.com,70560996138
Wendy,Bauer,wendy.bauer130@example.com,76053816159
Bradley,Houston,bradley.houston131@example.com,07382498063
Sheri,Mcconnell,sheri.mcconnell132@example.com,92310501893
Lisa,Ingram,lisa.ingram133@example.com,17757935710
Melissa,Day,melissa.day134@example.com,98928937864
Alexander,Clark,alexander.clark135@example.com,28364708829
Jeremy,Garza,jeremy.garza136@example.com,41790714953
Brianna,Jenkins,brianna.jenkins137@example.com,31337348125
Amy,Baker,amy.baker138@example.com,73151633474
Rebecca,King,rebecca.king139@example.com,68440151718
Laura,Phillips,laura.phillips140@example.com,89032610632
Chelsea,Thompson,chelsea.thompson141@example.com,10895611778
Sarah,Clark,sarah.clark142@example.com,22218743920
Debbie,Wheeler,debbie.wheeler143@example.com,89335652320
Connie,Green,connie.green144@example.com,22237620275
Jessica,Turner,jessica.turner145@example.com,94335156185
Christian,Green,christian.green146@example.com,58178151137
Jamie,Perez,jamie.perez147@example.com,60028172469
Marc,Anderson,marc.anderson148@example.com,77416782025
Brian,Mendoza,brian.mendoza149@example.com,70169446616
Phillip,Hernandez,phillip.hernandez150@example.com,80220548132
Debbie,Velez,debbie.velez151@example.com,15876353890
Craig,Manning,craig.manning152@example.com,75426529039
Gregory,Williams,gregory.williams153@example.com,48350946770
Marie,Little,marie.little154@example.com,88683687414
Debbie,Roberts,debbie.roberts155@example.com,68893802428
Shawn,Wagner,shawn.wagner156@example.com,04833670287
Whitney,Taylor,whitney.taylor157@example.com,90533055198
Brandon,Clark,brandon.clark158@example.com,10185203615
Jennifer,Newman,jennifer.newman159@example.com,35022091216
William,Harrison,william.harrison160@example.com,78582557848
Sergio,Ramsey,sergio.ramsey161@example.com,90286321741
Robert,Price,robert.price162@example.com,03246198456
Ashley,Johnson,ashley.johnson163@example.com,60231569910
Chelsea,Davis,chelsea.davis164@example.com,64334751355
Nicholas,Bauer,nicholas.bauer165@example.com,85329380616
Frank,Beck,frank.beck166@example.com,96363883306
Jessica,King,jessica.king167@example.com,24238181685
Amanda,Estrada,amanda.estrada168@example.com,78807373147
Justin,Villanueva,justin.villanueva169@example.com,76125070560
Sherry,Orozco,sherry.orozco170@example.com,69880424375
Emily,Edwards,emily.edwards171@example.com,39408733694
Chad,Rodgers,chad.rodgers172@example.com,47573884334
Michael,Decker,michael.decker173@example.com,29770863979
Sara,Klein,sara.klein174@example.com,89143310864
William,Wood,william.wood175@example.com,36805979960
Morgan,Barnett,morgan.barnett176@example.com,65526276930
Kevin,Ward,kevin.ward177@example.com,60097935146
Gary,Turner,gary.turner178@example.com,39656935546
Brandon,Martin,brandon.martin179@example.com,71735817285
Stephanie,Matthews,stephanie.matthews180@example.com,12982553416
Christian,Rodriguez,christian.rodriguez181@example.com,21516561472
Theodore,White,theodore.white182@example.com,47650551825
Kristin,Kelly,kristin.kelly183@example.com,70542206465
Alex,Brown,alex.brown184@example.com,04419294335
Stephanie,Clark,stephanie.clark185@example.com,98613781118
Tracy,Rivera,tracy.rivera186@example.com,72309894436
Cheryl,Ruiz,cheryl.ruiz187@example.com,92362404671
Lance,Lee,lance.lee188@example.com,53059967981
Carol,Smith,carol.smith189@example.com,68192831693
Kevin,Harris,kevin.harris190@example.com,96698753821
Brittany,Richardson,brittany.richardson191@example.com,13209337912
Stephanie,Gamble,stephanie.gamble192@example.com,45856328455
Carl,Mathis,carl.mathis193@example.com,57882319734
Luis,Parsons,luis.parsons194@example.com,54617017513
Jeffrey,Robinson,jeffrey.robinson195@example.com,34438049868
Claire,Hughes,claire.hughes196@example.com,79428874629
Michael,Mitchell,michael.mitchell197@example.com,07411668783
Melissa,Sexton,melissa.sexton198@example.com,34747580715
Theresa,Lawrence,theresa.lawrence199@example.com,81993069697
Wayne,Garcia,wayne.garcia200@example.com,06877096189
Morgan,Jones,morgan.jones201@example.com,46259182706
Amy,Wilson,amy.wilson202@example.com,31706767635
Dawn,Osborn,dawn.osborn203@example.com,51675207341
Morgan,Brown,morgan.brown204@example.com,73432642853
Brandy,Ponce,brandy.ponce205@example.com,48598193080
Sarah,Gibbs,sarah.gibbs206@example.com,08963617351
William,Simmons,william.simmons207@example.com,67212987627
Bethany,Johnson,bethany.johnson208@example.com,57903266616
Kenneth,Webster,kenneth.webster209@example.com,95242401012
Allen,Young,allen.young210@example.com,14124375828
Lisa,Lewis,lisa.lewis211@example.com,30577185439
Matthew,Booth,matthew.booth212@example.com,93887147760
Shannon,Wallace,shannon.wallace213@example.com,03666605094
Jessica,Alexander,jessica.alexander214@example.com,88211571305
John,Kelley,john.kelley215@example.com,77362575125
Keith,Hunter,keith.hunter216@example.com,02005326389
Brooke,Gonzalez,brooke.gonzalez217@example.com,98618324641
Barbara,Sanford,barbara.sanford218@example.com,64442891396
Cameron,Benson,cameron.benson219@example.com,05378424425
Michelle,Williams,michelle.williams220@example.com,18222141307
Margaret,Hall,margaret.hall221@example.com,00215343751
Melissa,Hernandez,melissa.hernandez222@example.com,92724026039
Pedro,Evans,pedro.evans223@example.com,97235686555
Daniel,Price,daniel.price224@example.com,33389234320
John,Steele,john.steele225@example.com,51733715548
Tracy,Dennis,tracy.dennis226@example.com,24398858779
Matthew,Dean,matthew.dean227@example.com,89314643283
Courtney,Kidd,courtney.kidd228@example.com,46485895895
Crystal,Stephens,crystal.stephens229@example.com,76236452348
Timothy,Jennings,timothy.jennings230@example.com,18411022167
Michael,Miller,michael.miller231@example.com,15488537742
Ashley,Williams,ashley.williams232@example.com,23467480018
Anita,Nixon,anita.nixon233@example.com,63331728077
Amanda,Rodriguez,amanda.rodriguez234@example.com,75854036189
Curtis,Bishop,curtis.bishop235@example.com,85641028629
Mary,Tucker,mary.tucker236@example.com,24215301680
Michael,Salazar,michael.salazar237@example.com,16903481138
Keith,Peters,keith.peters238@example.com,75312858175
James,Smith,james.smith239@example.com,91021719615
Barbara,Hudson,barbara.hudson240@example.com,48011630148
Michele,Warren,michele.warren241@example.com,01637505312
Nicholas,Graham,nicholas.graham242@example.com,16201497035
Brian,Newman,brian.newman243@example.com,98592302250
Cynthia,Carter,cynthia.carter244@example.com,37036641305
Christina,Graves,christina.graves245@example.com,77149579799
Gabrielle,Mendoza,gabrielle.mendoza246@example.com,75725532399
Kathy,Miranda,kathy.miranda247@example.com,71067403385
Lori,Stewart,lori.stewart248@example.com,24132840593
Michael,Green,michael.green249@example.com,95248911919
Christine,Delgado,christine.delgado250@example.com,89319441317
Philip,Brown,philip.brown251@example.com,58382771826
Meagan,Lopez,meagan.lopez252@example.com,57076568268
Steven,Morales,steven.morales253@example.com,95216992931
Joshua,Scott,joshua.scott254@example.com,99859114655
David,Rice,david.rice255@example.com,66474647808
Allen,Bennett,allen.bennett256@example.com,56131625707
Aaron,Sandoval,aaron.sandoval257@example.com,86355841946
Jennifer,Chan,jennifer.chan258@example.com,05754503512
Thomas,King,thomas.king259@example.com,04423481102
Chase,Salas,chase.salas260@example.com,80347358706
Gloria,Zimmerman,gloria.zimmerman261@example.com,45551661356
Hayley,Williams,hayley.williams262@example.com,79943311590
Jonathan,Williams,jonathan.williams263@example.com,92297259985
Denise,Sanders,denise.sanders264@example.com,65401351504
Jasmine,Anderson,jasmine.anderson265@example.com,83445799728
Joseph,Lucas,joseph.lucas266@example.com,22524259927
Barbara,Horne,barbara.horne267@example.com,56608456518
Debbie,Diaz,debbie.diaz268@example.com,84988260772
Melissa,Hamilton,melissa.hamilton269@example.com,86596049652
Richard,Jackson,richard.jackson270@example.com,09727090831
Michael,Hopkins,michael.hopkins271@example.com,70923289717
Vickie,Harrison,vickie.harrison272@example.com,21022143455
Justin,Hensley,justin.hensley273@example.com,66882340554
Jennifer,Page,jennifer.page274@example.com,54273119529
Alan,Stewart,alan.stewart275@example.com,56787706860
Megan,Bell,megan.bell276@example.com,05693579663
Phillip,Waters,phillip.waters277@example.com,94729805237
James,Hernandez,james.hernandez278@example.com,53325288705
Gary,Macias,gary.macias279@example.com,18062513451
Anthony,Warner,anthony.warner280@example.com,51011720782
Bryce,Horton,bryce.horton281@example.com,54961026938
Brian,Humphrey,brian.humphrey282@example.com,40730545704
Richard,Williams,richard.williams283@example.com,68290753264
Cheryl,Dominguez,cheryl.dominguez284@example.com,91426894396
Marc,Phillips,marc.phillips285@example.com,21470910090
Melissa,Bullock,melissa.bullock286@example.com,62121045279
Anthony,Gross,anthony.gross287@example.com,25859422581
Dean,Hess,dean.hess288@example.com,71718302747
James,Morgan,james.morgan289@example.com,84751727838
Lisa,Lee,lisa.lee290@example.com,34790285003
Julian,Wright,julian.wright291@example.com,66261865659
Anthony,Wright,anthony.wright292@example.com,12910892051
Heather,Jordan,heather.jordan293@example.com,88689594127
Kristina,Hubbard,kristina.hubbard294@example.com,14140740101
Timothy,Nash,timothy.nash295@example.com,05657193290
Brian,Frost,brian.frost296@example.com,90923312773
Samuel,Sims,samuel.sims297@example.com,91338404746
Debra,Welch,debra.welch298@example.com,95085620222
Ashley,Adams,ashley.adams299@example.com,99553215988
Cassidy,Kelly,cassidy.kelly300@example.com,10317987463
William,Knapp,william.knapp301@example.com,13596861331
Lisa,Osborne,lisa.osborne302@example.com,35255272304
Ann,Newman,ann.newman303@example.com,24670621377
Joseph,Sanders,joseph.sanders304@example.com,39759762076
Richard,Hester,richard.hester305@example.com,67598382856
Eric,Russell,eric.russell306@example.com,21913188630
Crystal,Mccullough,crystal.mccullough307@example.com,23544274524
Peter,Carrillo,peter.carrillo308@example.com,99633134990
Mariah,Poole,mariah.poole309@example.com,44706503766
Michael,Anderson,michael.anderson310@example.com,24814787216
Mary,Reyes,mary.reyes311@example.com,12936858040
Laura,Gonzales,laura.gonzales312@example.com,11069939030
Bryce,Lawrence,bryce.lawrence313@example.com,71255844813
Melissa,Hines,melissa.hines314@example.com,93197789635
Bryan,Reese,bryan.reese315@example.com,54798900591
Charles,Collins,charles.collins316@example.com,74095909725
Mark,Gonzalez,mark.gonzalez317@example.com,32794418002
Laura,Rodriguez,laura.rodriguez318@example.com,21980822518
Cynthia,Jordan,cynthia.jordan319@example.com,06432991665
Danielle,Elliott,danielle.elliott320@example.com,68258680302
Dalton,Patel,dalton.patel321@example.com,94041375845
Tyrone,Cain,tyrone.cain322@example.com,82441441305
Ryan,Dorsey,ryan.dorsey323@example.com,94984807450
Anthony,Acevedo,anthony.acevedo324@example.com,59498644788
Misty,Cabrera,misty.cabrera325@example.com,43677098243
Jacob,Bell,jacob.bell326@example.com,84702437104
Tanya,Gonzales,tanya.gonzales327@example.com,62911798675
Rachael,Leonard,rachael.leonard328@example.com,11611770561
Craig,Smith,craig.smith329@example.com,42295468709
Jaclyn,Johnson,jaclyn.johnson330@example.com,40281140072
Teresa,Arnold,teresa.arnold331@example.com,35203254774
Amanda,White,amanda.white332@example.com,81325784029
Jennifer,Hill,jennifer.hill333@example.com,13923138908
Natalie,Gentry,natalie.gentry334@example.com,10702275934
Tanya,Kramer,tanya.kramer335@example.com,08416910448
Thomas,Young,thomas.young336@example.com,25491692629
Janet,Watson,janet.watson337@example.com,78261858791
Matthew,Mcbride,matthew.mcbride338@example.com,00800336917
Emily,Koch,emily.koch339@example.com,99104193572
Brenda,Fisher,brenda.fisher340@example.com,19461582597
Ryan,Blair,ryan.blair341@example.com,82920882373
Deborah,Young,deborah.young342@example.com,73449112059
Carlos,Atkins,carlos.atkins343@example.com,00335380585
Angela,Martinez,angela.martinez344@example.com,99298157641
Christopher,Lopez,christopher.lopez345@example.com,57512882964
Charles,Vargas,charles.vargas346@example.com,68273866990
Sean,Roberts,sean.roberts347@example.com,46262488152
Christine,Jimenez,christine.jimenez348@example.com,28645964352
Phillip,Morris,phillip.morris349@example.com,44798072249
Christopher,Hodges,christopher.hodges350@example.com,91677316292
Kelly,Ruiz,kelly.ruiz351@example.com,85062324047
Nathan,Lee,nathan.lee352@example.com,91543730410
Christopher,James,christopher.james353@example.com,44308784324
Crystal,Parsons,crystal.parsons354@example.com,99210179296
Daniel,Jacobs,daniel.jacobs355@example.com,37756023685
Kayla,Nguyen,kayla.nguyen356@example.com,61722878050
Melanie,Garcia,melanie.garcia357@example.com,26912388235
Meredith,Hinton,meredith.hinton358@example.com,09193249951
Matthew,Perez,matthew.perez359@example.com,86882142498
Bryan,Compton,bryan.compton360@example.com,99794267391
Jerry,Allen,jerry.allen361@example.com,25941290051
Emily,Hunter,emily.hunter362@example.com,95052415053
Kathleen,Valdez,kathleen.valdez363@example.com,44134665739
John,Fisher,john.fisher364@example.com,35954985988
Erik,Cooley,erik.cooley365@example.com,22309647919
Kiara,Daniel,kiara.daniel366@example.com,04940886462
Amy,Foster,amy.foster367@example.com,74038055448
Joseph,French,joseph.french368@example.com,33526709782
Jason,Clark,jason.clark369@example.com,54964646270
Amber,Ritter,amber.ritter370@example.com,39981266513
David,Smith,david.smith371@example.com,51787810653
Keith,Hunter,keith.hunter372@example.com,32136942405
Jennifer,Rose,jennifer.rose373@example.com,37781574861
Allen,Cuevas,allen.cuevas374@example.com,93307629515
Joseph,Williams,joseph.williams375@example.com,40728433960
Anthony,Clark,anthony.clark376@example.com,46942672886
Kristen,Lee,kristen.lee377@example.com,45808357446
Stephanie,Lee,stephanie.lee378@example.com,30303329592
Sandra,West,sandra.west379@example.com,92301481544
Megan,Thompson,megan.thompson380@example.com,04997215452
Marissa,Jackson,marissa.jackson381@example.com,56198066056
Scott,Cline,scott.cline382@example.com,10652557225
Dominique,Elliott,dominique.elliott383@example.com,05688126442
Kelly,Hodge,kelly.hodge384@example.com,52385341257
Beth,Bush,beth.bush385@example.com,52903838113
David,Ellis,david.ellis386@example.com,03571915239
Amanda,Carney,amanda.carney387@example.com,57107834774
Amy,Harris,amy.harris388@example.com,90143203691
Emily,Garcia,emily.garcia389@example.com,45342485013
Annette,White,annette.white390@example.com,37598325761
Karen,Burton,karen.burton391@example.com,88325775946
Brad,Neal,brad.neal392@example.com,51845892147
Makayla,Daniels,makayla.daniels393@example.com,81800325451
Jennifer,Reed,jennifer.reed394@example.com,69953612999
Todd,Rivera,todd.rivera395@example.com,36463832410
Teresa,Roberts,teresa.roberts396@example.com,91299916454
Stephanie,Bond,stephanie.bond397@example.com,68095025422
Veronica,Sullivan,veronica.sullivan398@example.com,01929485133
Diane,Russell,diane.russell399@example.com,57810742011
Sierra,Bridges,sierra.bridges400@example.com,76832707942
Drew,Patel,drew.patel401@example.com,63121743299
Erin,Fischer,erin.fischer402@example.com,78586338144
Paula,Miller,paula.miller403@example.com,41874811830
Peter,Mejia,peter.mejia404@example.com,83582761227
Zachary,Sanchez,zachary.sanchez405@example.com,28737996026
Mark,Byrd,mark.byrd406@example.com,82665425786
Jillian,Bartlett,jillian.bartlett407@example.com,80257676709
Brianna,Nguyen,brianna.nguyen408@example.com,54833733273
Vicki,Alvarez,vicki.alvarez409@example.com,94544320999
Robert,Johnson,robert.johnson410@example.com,03459024780
Kathryn,Murphy,kathryn.murphy411@example.com,99520659358
Beth,Jones,beth.jones412@example.com,14245185644
Shane,Rogers,shane.rogers413@example.com,88264609957
Vicki,Gonzalez,vicki.gonzalez414@example.com,37863218171
Jennifer,Carter,jennifer.carter415@example.com,10466153833
Valerie,Kennedy,valerie.kennedy416@example.com,61801808488
Jennifer,Barrera,jennifer.barrera417@example.com,71425351811
Robin,Delacruz,robin.delacruz418@example.com,77910675078
Brian,Mata,brian.mata419@example.com,50738370676
Laura,Moon,laura.moon420@example.com,77536235500
Louis,Colon,louis.colon421@example.com,57401140400
Sydney,Moore,sydney.moore422@example.com,47129265411
Antonio,Richards,antonio.richards423@example.com,17484169252
Amber,Coffey,amber.coffey424@example.com,02882960107
Rebecca,Walker,rebecca.walker425@example.com,90167883304
Mercedes,Brown,mercedes.brown426@example.com,82400753358
Jasmine,Nguyen,jasmine.nguyen427@example.com,55173281445
Andre,Garza,andre.garza428@example.com,30853888112
Deborah,Johnson,deborah.johnson429@example.com,30932697690
Jonathan,Hernandez,jonathan.hernandez430@example.com,84222542917
Diana,Walker,diana.walker431@example.com,46675481100
Randy,Clark,randy.clark432@example.com,55887045988
Cory,Hubbard,cory.hubbard433@example.com,23199039371
George,Watkins,george.watkins434@example.com,02882039473
Darius,Lewis,darius.lewis435@example.com,77980069303
Matthew,Watson,matthew.watson436@example.com,43086471389
Tracy,Harris,tracy.harris437@example.com,38113881298
Alan,Baker,alan.baker438@example.com,19627231793
Douglas,Carter,douglas.carter439@example.com,36343269560
Kari,Simpson,kari.simpson440@example.com,48801704622
Michaela,Walker,michaela.walker441@example.com,11637918263
Tyler,Hernandez,tyler.hernandez442@example.com,03426216727
Monica,Kirby,monica.kirby443@example.com,71783113071
Eddie,Ellis,eddie.ellis444@example.com,26900125141
Jamie,Morton,jamie.morton445@example.com,01923992875
Alicia,Ritter,alicia.ritter446@example.com,74563043133
Laurie,Perkins,laurie.perkins447@example.com,92454704800
Tonya,Lester,tonya.lester448@example.com,04013893268
Benjamin,Gibson,benjamin.gibson449@example.com,12033019790
Michael,Garcia,michael.garcia450@example.com,08117902210
Maria,Williams,maria.williams451@example.com,39179520144
Andrea,Sanchez,andrea.sanchez452@example.com,85746080471
Joel,Gray,joel.gray453@example.com,68302565808
Justin,Davis,justin.davis454@example.com,28774530776
Patricia,Duncan,patricia.duncan455@example.com,26604055030
Jon,Brown,jon.brown456@example.com,44145544361
Timothy,Mendoza,timothy.mendoza457@example.com,95257106858
Julie,Vasquez,julie.vasquez458@example.com,03712403358
Eric,Gonzalez,eric.gonzalez459@example.com,81405042263
Maurice,Floyd,maurice.floyd460@example.com,91135466118
Michael,Harris,michael.harris461@example.com,01040852531
Phillip,Dickerson,phillip.dickerson462@example.com,02177021198
Matthew,French,matthew.french463@example.com,90585557936
Tonya,Velasquez,tonya.velasquez464@example.com,06272275442
Kimberly,Pineda,kimberly.pineda465@example.com,65962118228
Lauren,Alvarez,lauren.alvarez466@example.com,18540576879
Kathy,Briggs,kathy.briggs467@example.com,34329456704
Tanya,Hoffman,tanya.hoffman468@example.com,99661075069
Amy,Watson,amy.watson469@example.com,44631720573
Erika,Gonzalez,erika.gonzalez470@example.com,52690452322
Derek,Cunningham,derek.cunningham471@example.com,68552838671
James,Clark,james.clark472@example.com,35524060860
Jeffrey,Russell,jeffrey.russell473@example.com,53781094641
Sandra,Clark,sandra.clark474@example.com,94020096835
Hannah,Mejia,hannah.mejia475@example.com,91671105262
William,Willis,william.willis476@example.com,69859030692
Kristen,Garcia,kristen.garcia477@example.com,61424975399
Kenneth,Mullins,kenneth.mullins478@example.com,08832049390
Rebekah,Haynes,rebekah.haynes479@example.com,44545921191
Theodore,Key,theodore.key480@example.com,46221398860
Adam,Carney,adam.carney481@example.com,65973686075
Jason,Kelly,jason.kelly482@example.com,84898566167
Michael,Jacobson,michael.jacobson483@example.com,15772233882
Lisa,King,lisa.king484@example.com,10616483090
Lisa,Allen,lisa.allen485@example.com,09829242521
Candice,Garcia,candice.garcia486@example.com,46889380351
Jennifer,Bennett,jennifer.bennett487@example.com,99139813312
Theresa,Shaw,theresa.shaw488@example.com,44433573421
Katherine,Thompson,katherine.thompson489@example.com,25104301799
Cassandra,Douglas,cassandra.douglas490@example.com,83170771285
Michael,Roth,michael.roth491@example.com,06850950850
Christine,Martin,christine.martin492@example.com,05644024608
Heidi,Jackson,heidi.jackson493@example.com,33659711131
Elijah,Allen,elijah.allen494@example.com,36374629343
Lance,Richardson,lance.richardson495@example.com,69883061847
Jamie,Cowan,jamie.cowan496@example.com,82553627082
Thomas,Hughes,thomas.hughes497@example.com,16219259623
Lisa,Bradley,lisa.bradley498@example.com,96828678503
Robert,Arellano,robert.arellano499@example.com,76389125093
Kayla,Campbell,kayla.campbell500@example.com,55645629819
Margaret,Allen,margaret.allen501@example.com,91628217912
Jasmine,Lester,jasmine.lester502@example.com,42709690689
Emily,Hamilton,emily.hamilton503@example.com,09348430129
Paul,Fisher,paul.fisher504@example.com,55935687251
Justin,Bowers,justin.bowers505@example.com,49257994865
Jennifer,Foster,jennifer.foster506@example.com,76255904198
John,Calderon,john.calderon507@example.com,82257202877
Lisa,Wilson,lisa.wilson508@example.com,87030874918
Kirsten,Hardin,kirsten.hardin509@example.com,48945975942
Vanessa,Stephenson,vanessa.stephenson510@example.com,58716078314
Nicholas,Wood,nicholas.wood511@example.com,11457613542
Valerie,Lee,valerie.lee512@example.com,08864216892
Patrick,Norris,patrick.norris513@example.com,11860097846
Darren,Williams,darren.williams514@example.com,41694300453
Emily,Welch,emily.welch515@example.com,78456224075
John,Shah,john.shah516@example.com,71990509929
Peter,Smith,peter.smith517@example.com,72514501725
Linda,Steele,linda.steele518@example.com,25033499515
John,Clark,john.clark519@example.com,79659177565
Angela,Harris,angela.harris520@example.com,06402752651
Patrick,House,patrick.house521@example.com,89404871460
Vincent,Moore,vincent.moore522@example.com,55404555490
Sara,Mays,sara.mays523@example.com,42822727796
Joshua,Terrell,joshua.terrell524@example.com,68280106299
Jeffrey,Ramirez,jeffrey.ramirez525@example.com,98853327173
Oscar,Wong,oscar.wong526@example.com,82268257932
Lee,Conley,lee.conley527@example.com,28217608370
Raymond,Lambert,raymond.lambert528@example.com,22453014691
Jessica,Ellis,jessica.ellis529@example.com,29545502470
Amanda,Brown,amanda.brown530@example.com,95237934187
Brittany,Moore,brittany.moore531@example.com,56071387884
Robert,Oliver,robert.oliver532@example.com,85384162869
David,Lopez,david.lopez533@example.com,85525187708
Bradley,Duncan,bradley.duncan534@example.com,94910576709
Dwayne,Smith,dwayne.smith535@example.com,99016035216
Hayley,Richards,hayley.richards536@example.com,55064224952
Julia,Carter,julia.carter537@example.com,24492340026
Johnny,Brown,johnny.brown538@example.com,45750751516
Henry,Austin,henry.austin539@example.com,11797901056
Javier,Pruitt,javier.pruitt540@example.com,17361989419
Carrie,Bell,carrie.bell541@example.com,22423102521
Laura,Palmer,laura.palmer542@example.com,12789168038
Stephanie,Harris,stephanie.harris543@example.com,38707195587
Lisa,Wright,lisa.wright544@example.com,62761296095
James,Davis,james.davis545@example.com,19860545029
Ashley,Kennedy,ashley.kennedy546@example.com,08705391448
Hunter,Conley,hunter.conley547@example.com,03059149472
Nancy,Dunn,nancy.dunn548@example.com,49681523255
Stephen,Miles,stephen.miles549@example.com,01436188992
Paul,Wood,paul.wood550@example.com,34181633392
Robert,Sandoval,robert.sandoval551@example.com,97981859232
Ana,Reynolds,ana.reynolds552@example.com,56663370799
Jorge,Mcgee,jorge.mcgee553@example.com,52614272913
Charles,Glover,charles.glover554@example.com,39054411217
Valerie,Sanchez,valerie.sanchez555@example.com,35801013405
Michael,Harris,michael.harris556@example.com,63604706003
Janet,Harmon,janet.harmon557@example.com,54901925000
Heather,Carter,heather.carter558@example.com,24859921294
Linda,Ryan,linda.ryan559@example.com,29260063117
Cody,Alvarez,cody.alvarez560@example.com,84136829727
Steve,Ramirez,steve.ramirez561@example.com,80033544213
Shannon,Green,shannon.green562@example.com,69669088403
David,Vasquez,david.vasquez563@example.com,19463112140
Andrew,Schmidt,andrew.schmidt564@example.com,18401029710
Alyssa,Flores,alyssa.flores565@example.com,04980720509
Gabrielle,Reyes,gabrielle.reyes566@example.com,72352772669
Carmen,Lopez,carmen.lopez567@example.com,00428910731
Eric,Huerta,eric.huerta568@example.com,15155018244
Monica,Benitez,monica.benitez569@example.com,31513635026
Matthew,Archer,matthew.archer570@example.com,30530410489
Jacob,Gonzalez,jacob.gonzalez571@example.com,36048020891
Anita,Harris,anita.harris572@example.com,78275593250
Kelly,Pierce,kelly.pierce573@example.com,32761469142
Jeffrey,Thompson,jeffrey.thompson574@example.com,50000962617
Jodi,Howell,jodi.howell575@example.com,62094314629
Veronica,Knight,veronica.knight576@example.com,86364980640
Adrian,Ray,adrian.ray577@example.com,98709115394
Kenneth,Davis,kenneth.davis578@example.com,50437765984
David,Anderson,david.anderson579@example.com,77737881703
Mary,Valdez,mary.valdez580@example.com,41334440347
Michael,Benjamin,michael.benjamin581@example.com,97216494211
Kristin,Espinoza,kristin.espinoza582@example.com,91619125588
Sarah,Porter,sarah.porter583@example.com,89687042489
Hannah,Meyer,hannah.meyer584@example.com,59075780804
Jeffrey,Murphy,jeffrey.murphy585@example.com,21004336095
Marcus,Rodriguez,marcus.rodriguez586@example.com,16843785515
Lisa,Mooney,lisa.mooney587@example.com,73535496137
Aaron,Wilson,aaron.wilson588@example.com,33504332055
Tammy,Jefferson,tammy.jefferson589@example.com,60999426257
Juan,Deleon,juan.deleon590@example.com,07706363201
Brett,Davis,brett.davis591@example.com,23565921185
Albert,Reyes,albert.reyes592@example.com,64875940316
Stanley,Berry,stanley.berry593@example.com,31196714853
Jasmine,Pitts,jasmine.pitts594@example.com,42670443670
Kelly,Thomas,kelly.thomas595@example.com,06492152170
Steven,Smith,steven.smith596@example.com,50635441092
Jennifer,Bailey,jennifer.bailey597@example.com,61900833145
Lauren,Petersen,lauren.petersen598@example.com,82904894861
Sheri,Lopez,sheri.lopez599@example.com,84426509820
Thomas,Jimenez,thomas.jimenez600@example.com,99941008579
Donna,Tran,donna.tran601@example.com,42209415575
Sharon,Sullivan,sharon.sullivan602@example.com,59774262033
Aaron,Miller,aaron.miller603@example.com,83832200757
Beverly,Bush,beverly.bush604@example.com,06714838730
Linda,Houston,linda.houston605@example.com,41686210799
Beverly,Evans,beverly.evans606@example.com,92081992710
Kenneth,Jenkins,kenneth.jenkins607@example.com,01861963672
Zoe,Gutierrez,zoe.gutierrez608@example.com,46022016494
Brian,Gibson,brian.gibson609@example.com,41781012810
Thomas,Scott,thomas.scott610@example.com,42019942413
Donald,Snyder,donald.snyder611@example.com,21482031483
Sydney,Moss,sydney.moss612@example.com,37377438270
Melissa,Phillips,melissa.phillips613@example.com,40045863897
Gina,Fox,gina.fox614@example.com,36428616567
Michael,Jackson,michael.jackson615@example.com,58815609748
Ronnie,Larson,ronnie.larson616@example.com,68051123604
Nancy,Cole,nancy.cole617@example.com,64545558254
Jessica,Strickland,jessica.strickland618@example.com,08326632481
Stacy,Harris,stacy.harris619@example.com,27435610139
Brandon,Stone,brandon.stone620@example.com,46605693196
Christie,Olson,christie.olson621@example.com,68427341379
Clifford,Jimenez,clifford.jimenez622@example.com,76332380229
Robert,Franklin,robert.franklin623@example.com,07898066485
Angela,Wilson,angela.wilson624@example.com,43669836088
Lori,Carter,lori.carter625@example.com,80709191219
Anthony,Allen,anthony.allen626@example.com,20073225873
Mark,Boyd,mark.boyd627@example.com,24556419331
Matthew,Lin,matthew.lin628@example.com,17360131007
Michael,Chen,michael.chen629@example.com,82061620719
John,Donovan,john.donovan630@example.com,56819159947
Stephen,Roy,stephen.roy631@example.com,39876865615
Daniel,Macias,daniel.macias632@example.com,75089410146
Jeffrey,Brown,jeffrey.brown633@example.com,72151883549
Stephen,Edwards,stephen.edwards634@example.com,89703736108
Paula,Allen,paula.allen635@example.com,92619218397
Bryan,Costa,bryan.costa636@example.com,49434192400
David,Young,david.young637@example.com,06893822769
Andrew,Jones,andrew.jones638@example.com,37003150764
Regina,Cummings,regina.cummings639@example.com,95115356697
Dylan,Ayala,dylan.ayala640@example.com,32560552982
Robin,Scott,robin.scott641@example.com,19130374588
Brittany,Pierce,brittany.pierce642@example.com,61125767969
Nicole,Rodriguez,nicole.rodriguez643@example.com,35982502117
Sherri,Tucker,sherri.tucker644@example.com,48535763928
Raymond,Moore,raymond.moore645@example.com,95410290833
Megan,Brooks,megan.brooks646@example.com,86479173226
Faith,Drake,faith.drake647@example.com,55540589846
Sarah,Diaz,sarah.diaz648@example.com,31272094563
Eric,Wiggins,eric.wiggins649@example.com,76287818512
Christopher,Ruiz,christopher.ruiz650@example.com,88902993184
Dakota,Hebert,dakota.hebert651@example.com,85419232980
Jacob,Ramos,jacob.ramos652@example.com,13207044794
Patricia,Elliott,patricia.elliott653@example.com,38555166707
Jason,Bowman,jason.bowman654@example.com,10630717008
Alexander,Henderson,alexander.henderson655@example.com,78817048902
Steven,Bishop,steven.bishop656@example.com,35166568733
Morgan,Davis,morgan.davis657@example.com,74890673073
Robin,Shaw,robin.shaw658@example.com,56128377009
Mikayla,Wolfe,mikayla.wolfe659@example.com,44904490918
Kylie,Miller,kylie.miller660@example.com,59298458293
Elizabeth,Carter,elizabeth.carter661@example.com,60132461501
William,Welch,william.welch662@example.com,49878924135
Lisa,Bailey,lisa.bailey663@example.com,13302188553
Arthur,Rice,arthur.rice664@example.com,70011544192
Debbie,Perkins,debbie.perkins665@example.com,97862010156
Kathryn,Mathis,kathryn.mathis666@example.com,31449472503
Debbie,Garcia,debbie.garcia667@example.com,09706929917
Patricia,Young,patricia.young668@example.com,37532497661
Adam,Simpson,adam.simpson669@example.com,39346732677
Kara,Martinez,kara.martinez670@example.com,05059067297
Michelle,Bailey,michelle.bailey671@example.com,80026356422
Karl,Rodriguez,karl.rodriguez672@example.com,80648559131
David,Barrett,david.barrett673@example.com,72687233558
Julie,Coleman,julie.coleman674@example.com,07030971817
Sara,Ball,sara.ball675@example.com,11697092779
David,Stewart,david.stewart676@example.com,61022854909
Jason,Williams,jason.williams677@example.com,41259012696
Henry,Huber,henry.huber678@example.com,66602080086
Charles,Nelson,charles.nelson679@example.com,92933095872
Harry,Maxwell,harry.maxwell680@example.com,09229815256
Kimberly,Carson,kimberly.carson681@example.com,90379707210
Patty,Nguyen,patty.nguyen682@example.com,50529347822
Joseph,Cruz,joseph.cruz683@example.com,75706121030
Sarah,Blackburn,sarah.blackburn684@example.com,99187148315
James,Black,james.black685@example.com,81892061192
Rachel,Johnson,rachel.johnson686@example.com,19556449830
Carol,Garcia,carol.garcia687@example.com,28259267806
Lisa,Robinson,lisa.robinson688@example.com,04979613356
Zachary,Willis,zachary.willis689@example.com,67533413121
Allison,Jones,allison.jones690@example.com,72021658896
Kevin,Robinson,kevin.robinson691@example.com,34661069299
Alicia,Walters,alicia.walters692@example.com,40674952130
Joshua,Barron,joshua.barron693@example.com,19342598101
Erika,Jones,erika.jones694@example.com,65452929921
Thomas,Henry,thomas.henry695@example.com,10822020939
Douglas,Ramos,douglas.ramos696@example.com,03435243335
Donna,Ramos,donna.ramos697@example.com,15282572907
Teresa,Day,teresa.day698@example.com,07132485847
Derek,Taylor,derek.taylor699@example.com,15319512022
Willie,Waller,willie.waller700@example.com,45807659814
Jennifer,Poole,jennifer.poole701@example.com,52671581842
Mark,Robinson,mark.robinson702@example.com,81492215564
Sue,Jones,sue.jones703@example.com,69665858269
Holly,Hanna,holly.hanna704@example.com,29132716062
Joseph,Sutton,joseph.sutton705@example.com,93109732133
Stephen,Terry,stephen.terry706@example.com,50420637678
Kimberly,Day,kimberly.day707@example.com,10289202064
Katherine,Davis,katherine.davis708@example.com,30271007495
Kristen,Taylor,kristen.taylor709@example.com,31867977833
Rebecca,Morris,rebecca.morris710@example.com,72305200056
Jasmine,Ferguson,jasmine.ferguson711@example.com,30241021367
Donna,Arroyo,donna.arroyo712@example.com,17848345641
Linda,Knox,linda.knox713@example.com,15226874669
Ricardo,Fowler,ricardo.fowler714@example.com,39517658388
Stephen,Carson,stephen.carson715@example.com,62095770276
Nicholas,Alexander,nicholas.alexander716@example.com,24107654446
Megan,Smith,megan.smith717@example.com,77162506632
Michael,Buchanan,michael.buchanan718@example.com,08751909867
Monique,Shields,monique.shields719@example.com,79122031821
Malik,Smith,malik.smith720@example.com,42660554876
Rebecca,Rowland,rebecca.rowland721@example.com,09991888839
Austin,Miller,austin.miller722@example.com,43543366666
Jonathan,Monroe,jonathan.monroe723@example.com,46653164962
Julian,Mcdonald,julian.mcdonald724@example.com,60085735305
Stacy,Green,stacy.green725@example.com,94901203710
Gabriela,Diaz,gabriela.diaz726@example.com,89103316586
Luis,Nelson,luis.nelson727@example.com,64199568300
Paul,Bennett,paul.bennett728@example.com,17086945910
Cheryl,Garza,cheryl.garza729@example.com,75384808432
Jeffrey,Nelson,jeffrey.nelson730@example.com,61800547036
Charlene,Foster,charlene.foster731@example.com,18889253061
Linda,Brown,linda.brown732@example.com,25857825917
Justin,Martin,justin.martin733@example.com,78094436600
Sandra,Lee,sandra.lee734@example.com,57886015824
Betty,Carson,betty.carson735@example.com,61110491772
Corey,Taylor,corey.taylor736@example.com,61783998806
Jason,Reed,jason.reed737@example.com,44823087324
Nicole,Vazquez,nicole.vazquez738@example.com,39296691941
Michael,Whitaker,michael.whitaker739@example.com,98661274634
Crystal,Baker,crystal.baker740@example.com,16935424506
Brittany,Gamble,brittany.gamble741@example.com,81528146019
Patrick,Stephens,patrick.stephens742@example.com,14539377758
Susan,Bailey,susan.bailey743@example.com,03699985183
Tasha,Weaver,tasha.weaver744@example.com,33932396269
Laura,Stanley,laura.stanley745@example.com,73816588730
John,Thompson,john.thompson746@example.com,57662388739
Christine,Flores,christine.flores747@example.com,07943268196
Stephanie,Douglas,stephanie.douglas748@example.com,38518724688
Laura,Tucker,laura.tucker749@example.com,51132546835
Barbara,Walters,barbara.walters750@example.com,85054834730
James,Fernandez,james.fernandez751@example.com,39353721106
Richard,Roy,richard.roy752@example.com,29501574098
Linda,Todd,linda.todd753@example.com,28411390866
Adrienne,Reynolds,adrienne.reynolds754@example.com,89987955624
Jared,Mcclure,jared.mcclure755@example.com,09468891287
Stephanie,Morris,stephanie.morris756@example.com,94728744729
Robert,Brown,robert.brown757@example.com,03915172837
Kimberly,West,kimberly.west758@example.com,56173935074
Judy,Levine,judy.levine759@example.com,06923600172
James,Martinez,james.martinez760@example.com,80341859456
Emily,Anderson,emily.anderson761@example.com,70519974007
Daniel,Ayers,daniel.ayers762@example.com,59095308903
Robert,Long,robert.long763@example.com,45248212817
Ruth,Johnson,ruth.johnson764@example.com,28427828690
Sherry,Armstrong,sherry.armstrong765@example.com,47918125726
Patrick,Howard,patrick.howard766@example.com,42201399397
Glenn,Lewis,glenn.lewis767@example.com,95182679454
Peter,Porter,peter.porter768@example.com,99747212335
Carolyn,Hurst,carolyn.hurst769@example.com,25008434921
Stacey,Goodman,stacey.goodman770@example.com,36907466491
Andrea,Rogers,andrea.rogers771@example.com,24696203474
Craig,Sellers,craig.sellers772@example.com,07046022067
David,Macias,david.macias773@example.com,26910872690
Leonard,Guzman,leonard.guzman774@example.com,75165827637
John,Ward,john.ward775@example.com,83141892644
Jennifer,Santana,jennifer.santana776@example.com,46195973683
Gary,Johnson,gary.johnson777@example.com,13122630350
William,Wilson,william.wilson778@example.com,75891698298
Jessica,Rhodes,jessica.rhodes779@example.com,57998304494
Daniel,Martin,daniel.martin780@example.com,63168194171
Kristen,Ferrell,kristen.ferrell781@example.com,12321275764
Regina,Weaver,regina.weaver782@example.com,01006752867
William,Martin,william.martin783@example.com,63418128788
Robert,Miller,robert.miller784@example.com,47654149682
Tabitha,Potts,tabitha.potts785@example.com,61541703927
Ryan,Vargas,ryan.vargas786@example.com,55969682106
Juan,Reed,juan.reed787@example.com,31868960702
Melinda,Fleming,melinda.fleming788@example.com,05453066722
Joseph,Young,joseph.young789@example.com,36042958935
Erin,Gomez,erin.gomez790@example.com,35935948410
Jennifer,Ford,jennifer.ford791@example.com,96912590898
Erin,Palmer,erin.palmer792@example.com,81404121360
Kenneth,Gross,kenneth.gross793@example.com,70494143206
Alexis,Odom,alexis.odom794@example.com,55045509644
Sara,Nelson,sara.nelson795@example.com,30401175846
Susan,Fisher,susan.fisher796@example.com,42656595122
Joshua,Roberts,joshua.roberts797@example.com,80824615229
Jennifer,Mitchell,jennifer.mitchell798@example.com,56790911197
Mary,Romero,mary.romero799@example.com,35185565785
Craig,Macias,craig.macias800@example.com,10162157247
David,Lara,david.lara801@example.com,48025993209
Michael,Evans,michael.evans802@example.com,54684375846
Angela,Morris,angela.morris803@example.com,55177021859
Melissa,Bridges,melissa.bridges804@example.com,04973249343
Robert,Snyder,robert.snyder805@example.com,25064347299
Melanie,Kidd,melanie.kidd806@example.com,64905376462
Kelly,Lewis,kelly.lewis807@example.com,95446352329
Lucas,Anderson,lucas.anderson808@example.com,51141357426
Walter,Martin,walter.martin809@example.com,98792737191
Angela,Bryant,angela.bryant810@example.com,67955190697
Frederick,Tanner,frederick.tanner811@example.com,69543706555
Becky,Jackson,becky.jackson812@example.com,50481704796
Alexander,Flores,alexander.flores813@example.com,05772050252
John,Hubbard,john.hubbard814@example.com,03739620729
Eric,Morris,eric.morris815@example.com,01804245740
Kathleen,Huff,kathleen.huff816@example.com,50071161381
Aaron,Wyatt,aaron.wyatt817@example.com,39573563636
Nicole,Lopez,nicole.lopez818@example.com,58029824740
Jeremy,Myers,jeremy.myers819@example.com,98785244430
Frank,Castro,frank.castro820@example.com,64053427437
Stephanie,Peters,stephanie.peters821@example.com,80883905829
Karen,Jacobson,karen.jacobson822@example.com,72193520190
Christopher,Downs,christopher.downs823@example.com,53172025110
David,Mclaughlin,david.mclaughlin824@example.com,27808462683
John,Williams,john.williams825@example.com,68597317735
Ronald,Powers,ronald.powers826@example.com,17573936407
Stephanie,Lewis,stephanie.lewis827@example.com,60546307551
Kimberly,Li,kimberly.li828@example.com,04479834551
Stephanie,Parks,stephanie.parks829@example.com,35273128352
Johnathan,Oconnor,johnathan.oconnor830@example.com,38193332858
Mark,Cisneros,mark.cisneros831@example.com,22905946073
Andrew,Skinner,andrew.skinner832@example.com,23434673173
Dakota,Garcia,dakota.garcia833@example.com,89331225979
Shane,Washington,shane.washington834@example.com,88316703921
Danielle,Nixon,danielle.nixon835@example.com,56317295327
Becky,Gonzalez,becky.gonzalez836@example.com,41870323358
Nicole,Brown,nicole.brown837@example.com,16342667091
James,Kirk,james.kirk838@example.com,78641662167
Darryl,Waller,darryl.waller839@example.com,22829213330
Thomas,Guzman,thomas.guzman840@example.com,31941771262
Robert,Acosta,robert.acosta841@example.com,83359305917
Lisa,Green,lisa.green842@example.com,09328056226
Melissa,Baldwin,melissa.baldwin843@example.com,04531559546
Mary,Wang,mary.wang844@example.com,14326683601
Lisa,Diaz,lisa.diaz845@example.com,94644655617
Tracy,Shaw,tracy.shaw846@example.com,78135394178
Christina,Ballard,christina.ballard847@example.com,22469833003
Amanda,Vazquez,amanda.vazquez848@example.com,51362702095
Brian,Williams,brian.williams849@example.com,15011723652
Kimberly,Sampson,kimberly.sampson850@example.com,58756393776
David,Duncan,david.duncan851@example.com,94777370474
Joseph,Alvarez,joseph.alvarez852@example.com,86424638532
Brandon,Smith,brandon.smith853@example.com,85584693732
Steven,Foster,steven.foster854@example.com,89941782018
Keith,Hicks,keith.hicks855@example.com,23991828639
Kyle,Peck,kyle.peck856@example.com,53656025582
Benjamin,Villarreal,benjamin.villarreal857@example.com,90538222288
Phyllis,Barnett,phyllis.barnett858@example.com,35914113735
Casey,Howard,casey.howard859@example.com,45497454296
Ronald,Castillo,ronald.castillo860@example.com,02562676386
Lori,Torres,lori.torres861@example.com,03835038958
Margaret,Johnson,margaret.johnson862@example.com,94430976250
Laura,Cline,laura.cline863@example.com,42680567128
Isaac,Hammond,isaac.hammond864@example.com,76006985379
Andrea,Perkins,andrea.perkins865@example.com,05025540504
Daniel,York,daniel.york866@example.com,10189790196
Devin,Wolfe,devin.wolfe867@example.com,94347989524
Joyce,Hernandez,joyce.hernandez868@example.com,66183167490
Lindsay,Miller,lindsay.miller869@example.com,69060326364
Tammy,Morse,tammy.morse870@example.com,89368637403
Paige,Morton,paige.morton871@example.com,00729939353
Michelle,Spears,michelle.spears872@example.com,67701967424
Michelle,Brooks,michelle.brooks873@example.com,14655703925
Tony,Carr,tony.carr874@example.com,02767616056
Tiffany,Gonzales,tiffany.gonzales875@example.com,84888794279
Misty,Martinez,misty.martinez876@example.com,47564759695
Toni,Smith,toni.smith877@example.com,97127463153
Yolanda,Manning,yolanda.manning878@example.com,21968807034
Deborah,Parker,deborah.parker879@example.com,87855783285
Michael,Thomas,michael.thomas880@example.com,21808975668
Lisa,Miles,lisa.miles881@example.com,59866724287
Cassandra,Silva,cassandra.silva882@example.com,71589234978
Debra,Chambers,debra.chambers883@example.com,83719344976
David,Hawkins,david.hawkins884@example.com,33246976637
Jay,Monroe,jay.monroe885@example.com,22489219807
Savannah,Ferrell,savannah.ferrell886@example.com,52930233767
Matthew,Richardson,matthew.richardson887@example.com,79880115276
Michael,Pierce,michael.pierce888@example.com,34880344615
Ruben,Harmon,ruben.harmon889@example.com,71779995132
Christopher,Edwards,christopher.edwards890@example.com,57930631389
Jessica,Blankenship,jessica.blankenship891@example.com,30962058562
Marcus,Gutierrez,marcus.gutierrez892@example.com,42285939933
Ashley,Wright,ashley.wright893@example.com,76434939017
Amanda,Blankenship,amanda.blankenship894@example.com,01716102307
Stacey,Blake,stacey.blake895@example.com,72531087769
Austin,Gibson,austin.gibson896@example.com,49678787102
Alex,Nguyen,alex.nguyen897@example.com,09200374049
Michael,Booth,michael.booth898@example.com,33621044237
Shane,Price,shane.price899@example.com,88589879390
Johnny,Jones,johnny.jones900@example.com,57049147614
Jenna,Chavez,jenna.chavez901@example.com,30755304765
Edgar,Rubio,edgar.rubio902@example.com,43098236218
Travis,Choi,travis.choi903@example.com,40425263069
Stanley,Palmer,stanley.palmer904@example.com,34523939148
Kurt,Rivera,kurt.rivera905@example.com,15574377022
Shelly,Collins,shelly.collins906@example.com,29964062610
Ann,Hanna,ann.hanna907@example.com,31387431737
Catherine,Robinson,catherine.robinson908@example.com,90856835361
Alex,Stevenson,alex.stevenson909@example.com,65220829050
Chelsea,Hart,chelsea.hart910@example.com,31408742624
Joshua,Torres,joshua.torres911@example.com,25000374349
Jean,Brennan,jean.brennan912@example.com,53603218669
Ryan,Williams,ryan.williams913@example.com,79685714938
Dakota,Todd,dakota.todd914@example.com,09810302550
Stephanie,Frazier,stephanie.frazier915@example.com,54567261859
Randy,Murphy,randy.murphy916@example.com,26704522945
Robert,Woodward,robert.woodward917@example.com,36210248277
Leslie,Holland,leslie.holland918@example.com,46334859117
Jennifer,Davenport,jennifer.davenport919@example.com,81571149267
Taylor,Meyer,taylor.meyer920@example.com,22147392811
Scott,Payne,scott.payne921@example.com,10770110276
Francisco,Lloyd,francisco.lloyd922@example.com,42621055487
Erica,Russell,erica.russell923@example.com,82633354619
Kimberly,Fowler,kimberly.fowler924@example.com,77808477080
Erin,Mitchell,erin.mitchell925@example.com,64206244173
Sean,Thomas,sean.thomas926@example.com,76046678501
Tim,Mendez,tim.mendez927@example.com,33160597919
Sarah,Huffman,sarah.huffman928@example.com,12985186294
David,Johnson,david.johnson929@example.com,41424526433
Heather,Walters,heather.walters930@example.com,31990544455
Andrew,Hernandez,andrew.hernandez931@example.com,78074714521
Rachel,Boone,rachel.boone932@example.com,06461026587
Hannah,Sanders,hannah.sanders933@example.com,44762115533
Audrey,Phillips,audrey.phillips934@example.com,69827791048
Sarah,Stephens,sarah.stephens935@example.com,28852505666
Natalie,Ford,natalie.ford936@example.com,66522912799
John,Valdez,john.valdez937@example.com,95551700063
Michael,Adams,michael.adams938@example.com,53779101820
Amy,Walker,amy.walker939@example.com,02815869750
Daniel,Thompson,daniel.thompson940@example.com,42548589835
Gregory,Williams,gregory.williams941@example.com,85649103601
Justin,Sanchez,justin.sanchez942@example.com,27788543676
Jeffrey,Smith,jeffrey.smith943@example.com,45556533114
Michael,Graves,michael.graves944@example.com,33549632074
Kimberly,Weaver,kimberly.weaver945@example.com,19425534776
Corey,Zuniga,corey.zuniga946@example.com,38930930092
Luis,Smith,luis.smith947@example.com,40138773952
Andrea,Roberts,andrea.roberts948@example.com,32358951542
Tina,Hartman,tina.hartman949@example.com,52436235268
Joseph,Cunningham,joseph.cunningham950@example.com,83996617268
Brad,Collins,brad.collins951@example.com,83348506737
Jennifer,Smith,jennifer.smith952@example.com,81960541286
Michelle,Medina,michelle.medina953@example.com,80960870075
Christina,Mitchell,christina.mitchell954@example.com,08461881893
Travis,Brown,travis.brown955@example.com,40039813716
Janet,Wood,janet.wood956@example.com,11050822835
Ashley,Porter,ashley.porter957@example.com,22448435018
Amanda,Patton,amanda.patton958@example.com,60002056885
Patrick,White,patrick.white959@example.com,40101180395
Daniel,Duran,daniel.duran960@example.com,38538555751
Victoria,Castillo,victoria.castillo961@example.com,41565940577
Kenneth,Aguirre,kenneth.aguirre962@example.com,80166882145
Linda,Henderson,linda.henderson963@example.com,12887651702
Gloria,Brown,gloria.brown964@example.com,13891908492
Daniel,Hernandez,daniel.hernandez965@example.com,20541154854
Jeffery,Foster,jeffery.foster966@example.com,97270644350
Gabriel,Shelton,gabriel.shelton967@example.com,95186514010
Darrell,Bauer,darrell.bauer968@example.com,19057120629
Christopher,Barrett,christopher.barrett969@example.com,83923113045
Robert,Jimenez,robert.jimenez970@example.com,70273804919
Gregory,Garrett,gregory.garrett971@example.com,69223770269
Lori,Doyle,lori.doyle972@example.com,16078439711
Derrick,Watkins,derrick.watkins973@example.com,33014040336
David,Woodard,david.woodard974@example.com,74118993594
Adam,Parks,adam.parks975@example.com,55051267708
Emily,Jenkins,emily.jenkins976@example.com,62694630169
James,Richardson,james.richardson977@example.com,45318626785
Elizabeth,Tyler,elizabeth.tyler978@example.com,85755391009
Nathan,Ellis,nathan.ellis979@example.com,57819430415
Sara,Sparks,sara.sparks980@example.com,87215623932
Douglas,Mayo,douglas.mayo981@example.com,63183357401
Joseph,Cline,joseph.cline982@example.com,84654660610
Robert,Nichols,robert.nichols983@example.com,35193765538
Kim,Butler,kim.butler984@example.com,78795291367
William,Robles,william.robles985@example.com,42823286759
Cynthia,Kelly,cynthia.kelly986@example.com,83713792523
Pamela,Gardner,pamela.gardner987@example.com,36647990924
Michelle,Garcia,michelle.garcia988@example.com,45695983300
Lindsey,James,lindsey.james989@example.com,36557639380
Tammy,Rodriguez,tammy.rodriguez990@example.com,64895105595
Bryan,Aguilar,bryan.aguilar991@example.com,73567234636
Brandon,Fisher,brandon.fisher992@example.com,20965188925
Kimberly,Miller,kimberly.miller993@example.com,60426284883
Mark,Henderson,mark.henderson994@example.com,17741243931
Brian,Bauer,brian.bauer995@example.com,51419640443
Amy,Espinoza,amy.espinoza996@example.com,45599822314
Thomas,White,thomas.white997@example.com,67411443077
Marc,Price,marc.price998@example.com,41203030131
Kimberly,Sellers,kimberly.sellers999@example.com,33554699718
